{
  "acoustic": 42.39107730362963,
  "afrobeat": 24.49453724149249,
  "alt-rock": 33.889978272215984,
  "alternative": 22.48198579536193,
  "ambient": 44.099096210769005,
  "anime": 48.621878683249676,
  "black-metal": 22.53875554340549,
  "bluegrass": 25.75594055224794,
  "blues": 31.200409363571648,
  "brazil": 44.524802615275526,
  "breakbeat": 20.300881903342525,
  "british": 44.641745139193326,
  "cantopop": 34.7383429897581,
  "chicago-house": 12.540662774470164,
  "children": 34.83941877709952,
  "chill": 53.529519426340045,
  "classical": 13.588355845685205,
  "club": 33.35257776560351,
  "comedy": 24.698988076665923,
  "country": 17.51149380404385,
  "dance": 23.818359161446683,
  "dancehall": 34.93676298911056,
  "death-metal": 32.51041501280562,
  "deep-house": 45.447034701289134,
  "detroit-techno": 11.359200907521661,
  "disco": 33.99039240582721,
  "disney": 27.544631028438417,
  "drum-and-bass": 26.80516899136365,
  "dub": 40.25025246730215,
  "dubstep": 38.89204344124433,
  "edm": 40.33663079071864,
  "electro": 34.31186151265004,
  "electronic": 44.1035572341261,
  "emo": 48.337566960367226,
  "folk": 40.082242158244334,
  "forro": 41.74601991732731,
  "french": 41.00220897407325,
  "funk": 34.299855954525,
  "garage": 40.53017351994065,
  "german": 32.360307795770474,
  "gospel": 39.50144879276528,
  "goth": 29.06214621228563,
  "grindcore": 14.70953575544314,
  "groove": 35.487597641897715,
  "grunge": 50.38760100535083,
  "guitar": 29.416281335564644,
  "happy": 21.8049632603641,
  "hard-rock": 45.570219856280836,
  "hardcore": 36.963478587569654,
  "hardstyle": 28.238973652715774,
  "heavy-metal": 26.253215567692077,
  "hip-hop": 42.32158224960789,
  "honky-tonk": 16.580209966363196,
  "house": 32.140854893936016,
  "idm": 15.698988076665925,
  "indian": 49.542379645579985,
  "indie": 34.270750532402246,
  "indie-pop": 39.45660896344668,
  "industrial": 32.476009446392894,
  "iranian": 2.535058193052028,
  "j-dance": 25.501276584839694,
  "j-idol": 24.701480673299425,
  "j-pop": 37.131420158083905,
  "j-rock": 36.819123567374305,
  "jazz": 10.228442091134688,
  "k-pop": 59.14037589272778,
  "kids": 14.955811321953739,
  "latin": 10.158632089292487,
  "latino": 51.3333041094753,
  "malay": 30.202392862390703,
  "mandopop": 44.936566338240006,
  "metal": 55.46276064737985,
  "metalcore": 44.55080779761803,
  "minimal-techno": 33.28266824208483,
  "mpb": 40.86707351476699,
  "new-age": 29.089418777099514,
  "opera": 24.474464126062554,
  "pagode": 45.44092172709465,
  "party": 22.18914226104328,
  "piano": 46.44152745853971,
  "pop": 41.73940863067118,
  "pop-film": 58.78301585050415,
  "power-pop": 27.14982028486784,
  "progressive-house": 46.36338310675284,
  "psych-rock": 39.48990399483089,
  "punk": 41.51689862994036,
  "punk-rock": 39.37183418765322,
  "r-n-b": 39.47492600534253,
  "reggae": 25.146571716789186,
  "reggaeton": 46.47604853173719,
  "rock": 18.605079763255468,
  "rock-n-roll": 36.6576010350247,
  "rockabilly": 28.071737521627362,
  "romance": 3.874166385848932,
  "sad": 50.797888635306485,
  "salsa": 28.16030869405403,
  "samba": 37.58500479979083,
  "sertanejo": 47.68539243620326,
  "show-tunes": 31.233795912915394,
  "singer-songwriter": 43.398488038484025,
  "ska": 35.683846662256514,
  "sleep": 35.02382132737431,
  "soul": 26.760413355309723,
  "spanish": 39.82858893445418,
  "study": 26.198400869708255,
  "swedish": 36.45101556271382,
  "synth-pop": 35.49880669418151,
  "tango": 19.998997102741253,
  "techno": 39.89903304381672,
  "trance": 38.47630651346229,
  "trip-hop": 34.373072293945214,
  "turkish": 40.424986450756734,
  "world-music": 41.44693255805566
}